Company_ID,Sector,CO2_Emissions,Energy_Consumption,Waste_Recycling_Rate,Employee_Satisfaction,Diversity_Index,Training_Hours_per_Employee,Board_Independence,Transparency_Score,Anti_Corruption_Policies,ESG_Score,KMeans_Cluster,GMM_Cluster,PCA1,PCA2
1,Manufacturing,296.3677875770531,944.022017388607,36.42787850247312,69.02062515796322,51.862990718050845,37.49350617287417,60.40296656982237,41.32349479464767,5.385820699802613,50.70949374044643,1,1,-0.7260485890893901,-0.5992334218631515
2,Retail,317.35493809298737,1195.7158356884715,84.69534590078996,69.39507401914858,27.33594680891441,78.8263555552178,44.400156706937935,85.03931697299662,32.005983252098346,59.51350094315759,0,0,0.4402593757597739,0.08093567401186472
3,Tech,340.99389858972825,1260.5722325408387,10.60274905072598,66.45983716131722,46.90963710627376,16.21854820006743,31.15012116699636,70.22111676224367,75.31873359134028,42.02630213682668,1,1,-2.113049640768759,0.5034361961380324
4,Retail,343.4790952993949,958.5789944773512,28.02662381700226,67.3356571851687,61.80153533076185,39.84489474768576,62.34677458833786,69.6602753519993,26.933129830202507,50.05025130915429,1,1,-0.7737491019941598,0.45042992391682857
5,Retail,302.24795706785613,767.8041783579549,39.22854557392461,82.09459545864323,78.58174457477162,56.03424697694939,42.26780875326837,57.37299341407221,53.95562204955051,55.35102227883435,0,1,0.5063717854984615,0.2019220516994274
6,Energy,204.23303493293577,1280.7952962757615,49.02478406469904,45.66398136322236,20.267708963438334,34.665881290997646,80.65070672693517,65.08070994274068,72.79471767307432,56.34087287631333,1,0,-0.2237950613771352,0.9151415565912796
7,Tech,363.1738243800538,1744.0999727636722,78.0654014268917,58.38995462207652,57.3848613230122,78.10248889030174,89.53358561510399,57.80251442004477,10.794371464646437,58.658529859002776,1,0,-0.30807095535503387,-0.17656805907989656
8,Tech,334.51915706104336,1321.3748685352575,17.03100996321151,44.152685009213904,43.760230116390574,59.14157209452013,72.66994338309007,67.781283313196,68.52980161158733,43.93663293006452,1,1,-2.2057871829332574,1.5676331630550968
9,Tech,212.25981611382483,1227.0217760944984,74.46919093929148,81.4285421411098,88.2257457353521,54.27378931733698,26.333718670093557,73.95650369408452,9.18708877100447,68.57789371233801,0,0,2.181651657730838,-1.8866010000925961
10,Retail,245.41587488637825,1224.8191307401437,14.452279148558029,54.97660200961647,77.24426521873936,61.77944507084175,40.20799168714467,77.20126644863339,96.51297421269966,51.28637243156709,1,1,-0.5817762838562526,1.0853214150682262
11,Manufacturing,371.0009291533015,1122.4746792547694,77.38512282385453,89.35867254003864,67.12868275767158,76.44864785290378,27.63767422360248,67.27368347915983,48.83941300649396,58.443108624544166,0,0,0.6801650132906175,-0.3281947054689249
12,Tech,348.438650467814,1555.0446960423008,14.130838229961029,68.96181566626116,42.18125165574189,73.086398973848,65.5358153454201,80.49954471301122,15.067610770987738,46.66651322339288,1,1,-1.77940085177083,1.1715198506529578
13,Retail,242.37616057129492,1048.367317862441,11.459398514268884,84.04123743173665,92.82712816460274,59.321398109480896,73.56336051890493,39.88946344928541,34.23836360335465,56.38745116423471,0,1,0.5140240431100118,0.4956509766257843
14,Energy,278.40529847394475,792.9643546744313,65.75691698931372,93.84122895887786,23.608054177625853,61.18712293259623,84.79723816164983,44.838774363156695,41.34164492952615,61.311665334290886,0,0,1.3136177319998579,1.1341116961192617
15,Manufacturing,288.52302162954487,725.5038223156364,89.78044278147155,86.18838727011138,28.75740789432921,15.944155552635907,50.672064248839135,87.3114502851989,75.81850110765373,65.72792929459095,0,0,2.09756219699157,0.4528945884584577
16,Energy,349.3603020572104,1223.702704273217,81.72882103792166,87.6846568006338,51.33041124322848,12.709430336949929,83.0962954711911,52.57695844924906,74.34237860766093,62.81947829070899,0,0,1.2438429424555257,0.36939938765010377
17,Manufacturing,399.91525593119286,1518.2077389540905,56.0798734244528,62.43914724506646,29.955004583748508,47.81783763831232,81.45238113289292,31.60256774832842,61.19405053373311,46.55445218882794,1,1,-1.9350752099696606,0.5776677616271375
18,Retail,305.251932648898,1271.245575486582,83.39164904684253,70.3447427392637,96.513255804754,6.3775727705405,42.2037001735779,40.765380476762175,10.593071255849296,62.37191212791508,0,0,0.9334097765673115,-2.9127869750556608
19,Finance,393.5366117562098,1104.789364418807,10.424000511808432,53.96387102238174,83.83914577147067,41.17672861636937,80.82304378783996,45.653010414741786,15.15693715876736,43.25459840067861,1,1,-2.136093803197927,0.24949355687348784
20,Manufacturing,369.8653575271541,1337.5323889685938,88.0053730356114,50.78622048313991,40.7186121281451,20.776218493915145,46.29705763172085,97.0126021526211,9.375692064555665,57.04635568175798,0,0,-0.33264443547187766,-1.236598955870845
21,Energy,316.4520107205336,1255.8637031683877,49.25990234070276,67.80293335083186,67.08433831785963,30.95124257336297,40.78084921921965,70.11290002515946,57.71727832875501,54.36052860162474,1,1,-0.21282835003505216,-0.33560163371025675
22,Retail,184.5213318643009,1447.85714209628,67.83168772974206,72.72769388352313,98.58644120640652,63.1853551844717,65.43522611560752,95.29115183333784,87.71384415114039,74.64302918526117,0,0,3.11063074691266,0.647686145861376
23,Manufacturing,217.78313087292088,1597.951166231032,75.66891785226821,58.6599185242905,90.73591825052024,75.59281281742899,42.98668595195568,70.26143453476374,43.38005122547718,66.62715925523413,0,0,1.39318061479835,-1.1723411548211184
24,Finance,359.29925080361744,913.6829614281016,67.47658166692429,71.31939347699252,68.06387571537584,10.431220410975612,64.1146123830401,63.55481080964962,16.08481739577462,57.80743228219595,0,0,0.42595320370154344,-0.8876333669829952
25,Finance,163.15763371799753,498.1210309069804,52.802938563592846,88.81032653824266,92.29791737402164,45.06816544823339,62.68822638490862,51.96093838358672,55.804232514896704,70.05931627415681,0,0,3.1907529092217493,0.028240887632149977
26,Tech,309.5182793516788,1094.538960413865,48.12955873011296,70.61968716308513,99.13479278506873,71.19001143647,59.44072491439211,72.44596611033629,81.17522168657099,60.26578023928381,0,1,0.995769252649038,0.8678380460068627
27,Tech,380.0388486209684,894.1975598279786,77.08660469620997,79.64472029707787,79.46822583148993,11.188140083031596,46.62937929629584,39.74386172322709,74.171206151293,56.77924283268181,0,0,0.5185571856755716,-0.8980849095152936
28,Energy,312.1936689807408,1449.5874559723534,26.406204811956727,84.29232320468478,25.19891275863152,66.83855351726254,58.39498051560337,92.87831391048942,88.14507796750213,52.36101280435662,1,1,-0.4484094974990574,2.502178713393692
29,Manufacturing,251.88822035426188,982.69986139587,87.43952532033875,94.38008300754936,52.12641891403899,31.835101319620357,61.75398324897951,88.05326835988986,27.790209724886783,72.14480504682571,0,0,2.9670993706850455,-0.1936585578463947
30,Manufacturing,232.27085145081628,637.2664084308171,66.87619830693987,73.17585711973388,87.02605882265964,29.15710266645015,58.19808219468314,52.22720135137159,19.395386726777485,65.54761946492187,0,0,2.012441990603634,-1.2311145636744494
31,Tech,365.2922178305097,1027.7395653576964,25.960554187065583,84.37675819294223,38.44553566440152,78.30997897360893,51.10936169258411,96.6958269320906,87.98164859419387,50.16498428848234,1,1,-0.47707660320252565,2.7203741993788504
32,Manufacturing,337.7365833221583,752.4077023623452,68.89977469587905,92.9457125205181,86.45140142004996,20.064431739672063,21.026693993238467,87.76405371908977,65.75603127780231,62.544726036698776,0,0,1.804490227839147,-0.5108951999205611
33,Manufacturing,277.1608559210936,1677.047315703255,52.38720185448933,91.94253490675004,29.627100962799677,56.98954556170107,61.094319539080566,76.64148200845278,31.092893000755417,59.83739426254655,0,1,0.47460091557707723,0.5580169273403877
34,Finance,385.223397507676,1341.4925863344206,66.57840765155555,47.75950168277424,23.75562857182504,66.60805460073999,31.791106959990373,38.52333377876924,74.23480505725092,42.41524885917127,1,1,-2.5662754554953633,-0.3149261331051656
35,Tech,368.31982291959207,1394.267432704114,71.4223601154271,62.35157695504371,50.72724891929997,8.088762145945376,64.98031782630326,63.47638161336506,81.51183844803678,55.07028039859593,1,0,-0.3546160302078688,0.0033684895063499655
36,Retail,443.08750858603696,1360.8079604714574,16.983214367174035,57.81945336087398,22.93855499412909,55.27890937658091,73.15410295460062,65.42752883927255,61.49782403411324,37.37480822218064,1,1,-3.2538009885497576,1.9798876537821257
37,Tech,345.351525662967,1452.0513477835275,50.48831650874776,44.78087582226921,96.58162103866604,76.36624807664953,55.03117163915191,46.27859508557661,68.78841098799151,51.45842778775632,1,1,-1.0559408455228112,-0.27821989441748424
38,Retail,286.83996526704766,1540.002607520722,84.56114738055473,74.82824262010283,86.09645566351728,14.31649750460445,57.965456548581685,35.59757760515114,37.52599044426663,64.37008354360694,0,0,1.1373176856669047,-2.064811622748006
39,Finance,288.56072522339787,1038.0763922026215,35.651375372761144,80.47475372578012,84.06157497039001,72.21659770137788,86.60349917661938,84.37065413301849,53.86956673430391,62.87235199005717,0,1,1.4809630387173316,1.8175018229454725
40,Energy,145.23438435991602,774.0115101024928,57.5106478046319,86.64704525067859,70.38223383969225,49.60824780327021,79.3017152960802,38.54245364870765,52.415917072616224,69.84982087264774,0,0,2.83973829114709,0.17660360330186056
41,Manufacturing,312.0527234786625,945.9198788257012,39.538438520791686,46.75272893144897,37.30592184292428,51.24534363968555,83.9965561166029,71.60035253932423,84.80477911307719,51.00780455750552,1,1,-0.7894343490842854,1.9268596908457405
42,Finance,298.74280481180426,1186.425112878204,46.34143777752797,88.20442417314116,61.460829334111374,50.970813114920446,76.96364018237105,95.55144217185624,83.99639802821825,63.46987873628872,0,1,1.5771794837886803,2.099243990820067
43,Manufacturing,193.5940747588172,430.6974055617918,53.88824943505226,75.36090599878392,67.78192579442728,27.412691475298537,27.6242839292712,91.32736348186296,83.26804693470432,64.46215541311986,0,1,2.261620120267179,0.2590278961645911
44,Energy,297.9769899543098,1542.8177649881495,53.91375839111818,78.71703743261801,62.002520068821454,75.14013614745947,30.42942991791363,49.44268366244828,1.1031614262465794,54.3957795773666,1,0,-0.45608692972129944,-1.4027524165512861
45,Energy,407.4534569837423,630.9758339451233,26.138436986418867,90.08432019471672,40.818669436122185,76.0512846973279,56.86366580882717,89.60140462858857,74.95454844688882,48.70059108979344,1,1,-0.41750028515790416,2.8197502881648133
46,Finance,241.23618800419788,1379.7279977487424,64.76572383038666,74.3618699073788,61.21983394517807,51.89784951604609,37.22487611585988,30.023275428434257,75.86763901110048,57.88211283421983,0,1,0.35027124577181906,-0.8896490771490195
47,Energy,223.20842943088752,1149.578763238341,17.029448899412543,58.472622143240926,59.294907269490125,63.7567044456211,53.36868325288114,31.238146672928007,67.83788228551418,48.5464651040968,1,1,-1.0810432075393535,0.35018874243184167
48,Retail,388.394257476012,1285.552597394896,21.10598187536163,85.3809032282463,99.70686206453794,50.91934894108685,47.60557266728452,72.17872146900055,75.62646578914526,51.32111579329088,1,1,-0.3834341118026826,0.9353450876836019
49,Energy,350.7392237011432,1058.4240776129575,10.216871953146374,59.96825667072998,91.7948918436963,41.32988356805305,58.45899669013173,55.53587534011706,84.19703714967088,46.15780122939992,1,1,-1.3100098822519977,0.9561198048050495
50,Manufacturing,544.8876171502608,1265.161943367919,19.335685131334508,41.8825460951291,57.0704598572496,54.5615088724438,72.2813001295076,57.052258881140304,47.03190541017857,32.004809826894146,1,1,-4.260394762922726,1.1840872442767751
51,Manufacturing,194.514387139351,1058.4367427646391,47.85329608415138,85.68599786108874,69.83499063480949,46.47510894439688,70.08436349694921,69.51087634752177,50.20502134884472,67.01990936079282,0,0,2.187550771742068,0.5327700903880384
52,Manufacturing,357.63097936305576,1033.1456562594035,58.48815048446709,58.98556796847016,79.82972832737829,49.81068969739476,56.4863892739734,43.42477189143024,12.471405691139047,52.65774711193055,1,0,-0.5995581462005116,-1.1462998927314616
53,Manufacturing,325.27127257218524,930.8291005916084,73.543155997317,82.56089877607371,22.78921281870599,63.787441506414645,77.56753931719408,44.822874546583485,38.53758830473618,57.63657111741201,0,0,0.44712987347261535,0.6939325943885254
54,Retail,304.74250272425564,1657.748987175249,18.535940009074885,59.951684206627,91.5937152982272,41.06778735867386,50.16034640766233,63.92211109132053,64.33651799117843,50.4909119202818,1,1,-1.0882387578238923,-0.0023878612710309583
55,Tech,372.84097747957344,1310.0728251290925,78.05819680131637,87.3587410986097,88.8101453134339,8.056557956935457,82.77000028880857,82.79774810407042,78.03997761472745,67.40418287604423,0,0,2.01855189611106,0.5220901562172646
56,Finance,297.6219713850088,1262.8490587897077,69.67796204389745,52.07307887945273,56.59456782189658,17.29996107421229,24.989618903861476,73.36484259853114,21.720909769121054,54.88017550900081,1,0,-0.44758774710490323,-1.9612624653000799
57,Manufacturing,145.08990320123198,937.3314635904118,42.68146343487335,93.60009958593784,51.29358128643038,37.89554123671538,86.82620210233152,50.814853376578725,13.78228991592354,68.00619361466087,0,0,2.3984405662329706,0.25925359517531255
58,Energy,232.2113977509885,1129.5454999232077,84.63504536799637,82.88673261334169,41.8367499885052,59.36199199055437,65.82851570019437,60.12360242562448,66.30420045004922,67.59324090822527,0,0,2.0645604301845593,0.3623282300751259
59,Manufacturing,409.1546757856255,903.8312376981224,89.27435811659124,46.28308592562183,58.13414626642947,49.49589862326341,46.60521562560437,41.94653309849989,0.1879883524910641,50.59856792372008,1,0,-1.1506925912561736,-1.9320893398028252
60,Energy,393.762312304352,1052.6509413751628,26.40014480425898,71.11771409816083,23.55013308265894,53.77206394050904,33.80078886010141,35.22408700359572,17.837258430732984,37.23571875245766,1,1,-2.9711135298758813,-0.259143695355305
61,Energy,270.1504648279709,837.2632831317043,40.33828679710403,94.1952021732954,88.17548266776062,40.94591964322154,53.542826061052,84.78872285209044,2.907138034395373,64.08886372854045,0,1,1.9047152722811218,-0.1947803701064992
62,Manufacturing,340.2877651315854,1676.7432396607653,84.11595388717689,65.90859989815979,22.83378947348361,51.18065164566821,33.619082622971064,48.57711864317362,16.688511785487094,52.36236020344636,1,0,-1.1720852567108926,-1.6371710760349318
63,Retail,522.715043719187,972.9281728465212,67.72772406010218,50.01589263518708,46.32410922958968,29.676307836099664,31.643212542019956,42.44364714958738,18.131927992550523,37.59731471579896,1,0,-3.2112815645392656,-1.4821629344747098
64,Energy,297.50505614665246,937.4763531395648,13.847571517127015,66.66281019326904,94.5271590655192,40.26369445224988,63.21462301890819,78.41326388985235,38.76735947503942,54.029978821289006,1,1,0.037575991301891445,0.6221606314785392
65,Energy,299.0733344174405,802.3169173492236,72.52115854011319,68.18517107350569,78.81701236187622,60.82092991962167,56.615930720724926,73.26361720010303,40.2327124686556,63.15571888963488,0,0,1.4491037756689495,-0.14064675504969956
66,Manufacturing,315.24789640916185,968.6383615254858,76.23527097419935,80.7927819325766,42.51127684620214,70.38745842298408,66.90672242276591,74.32327382094249,87.42624706102377,62.35063816984964,0,0,1.3566617499170333,1.520440879579921
67,Energy,348.55805676549,1051.5319717304158,70.04015398122507,78.43652192384974,40.21192751687081,37.52415004672917,85.07241141953925,46.02262233926295,51.01097124988252,57.57165190106953,0,0,0.3579105287370615,0.5606833275977844
68,Energy,272.08790537817987,1185.1561341650406,73.96297047356126,62.14025239783393,20.406571185442075,8.27462432805209,57.25821493373281,46.28518769938767,72.34047656122863,55.63683485584977,1,0,-0.15460469383041195,-0.43378025013720073
69,Manufacturing,348.4903490479268,1006.403337240754,76.01061413542378,51.99127091217476,75.65714342798002,17.1254408110102,60.66524372839584,45.45618408499474,10.413735792028744,55.850066893585634,0,0,-0.2019877781880393,-1.8465710427841415
70,Manufacturing,144.461632500032,719.8166972917099,24.912398943051528,75.47797922731311,23.90268653385385,6.564585446865357,26.273843740845948,42.162681696360615,22.543875546369385,52.11116930731144,1,1,-0.11569892129767491,-1.1513363789827187
71,Finance,326.9119011029002,745.6275468551287,28.85533968519998,63.1937164004305,62.60820155206097,53.99472644279976,70.23450501360406,75.90065707931595,70.29434409786768,52.05460086393349,1,1,-0.22848069943046645,1.6851815648799824
72,Retail,304.0503848732133,1403.8979007490257,60.70068509761418,47.27519161189317,96.96975780736398,29.923596901633168,47.993364476290935,89.3611119674581,5.280396046852809,59.927566735480674,0,0,0.24349036964162174,-1.6334734140023308
73,Retail,282.6034418476781,1163.1633752527457,82.62929043700127,89.53147656800121,28.757508804356316,45.68589767895256,88.37076670638052,80.70222287736628,48.65976622437531,68.25342863696285,0,0,2.1114253338020417,1.1587927957614526
74,Energy,261.97941212796195,1394.6679723760649,35.29572658371957,78.01720216853099,91.5583944774454,41.99576350878497,77.62218109169622,85.44655436323802,59.936896566293385,63.94230626113042,0,1,1.422810276196591,0.9582454641401719
75,Retail,251.25012992924687,1434.0825493260004,57.06453406360453,77.57511210450147,99.31802681160386,11.114486716432,56.57367283612828,58.33589003596399,60.214564405248105,64.81567501755967,0,0,1.510292085281409,-0.9926578402711183
76,Energy,234.91831224319813,1245.3239886458184,64.63856507337059,85.24211317514207,24.921362099138804,35.244602084287386,28.625585792051623,75.78530567603987,2.293281126804203,59.94368713348191,0,1,0.685862036314709,-1.1735765355745635
77,Finance,114.55454014497371,830.4807697470524,46.15588810392314,69.13139232602946,90.6325015309969,21.542084369174244,80.15910552964124,54.79653683113422,32.21080042291855,70.47735268374282,0,0,2.7435245794598635,-0.5712955986601792
78,Manufacturing,278.5585318525702,1256.8754760481766,67.10259638842608,84.82799356213513,61.28632163548933,36.37998415007395,75.98467667968151,66.7853235378048,63.6490651049154,65.30110280590313,0,0,1.6697927409156088,0.5313272485719761
79,Manufacturing,387.7063831632871,1619.87899435582,81.97339562337385,67.39499144310531,92.5210975555664,20.2683710256682,32.92095906759231,63.71443925744036,14.899973614924344,57.80337174467539,0,0,-0.10371460977266984,-2.4585272409657906
80,Manufacturing,273.16711807433285,1065.7715927225586,59.92812353454701,43.69464699536405,65.70551535356593,68.03393047077002,40.66948024542171,42.38210016006981,69.54156483280532,52.48078277778367,1,1,-0.64889751151519,-0.5872694412634037
81,Retail,350.8090040721584,1302.184575386508,53.18248495317064,62.28864484152288,72.96896080852517,18.064500243369025,75.53850807034861,57.09551322349416,74.59252088136745,55.076233356223455,1,1,-0.22199457935201636,0.26385010119849023
82,Finance,213.5839303967612,1195.8666134198425,45.09957403106712,67.36056916889399,63.50231263979194,77.05854136152327,32.96599125831868,97.46755928376456,98.19691904461452,61.05852389325731,0,1,1.0908251943026008,1.184285945482101
83,Retail,195.5441956767128,1611.713338964174,56.19890167249005,79.61114198977626,89.15943042458788,36.19305246102056,84.24267424199641,47.40061804004594,20.984199485640943,68.85497915581922,0,0,1.913917724698214,-0.8657397648924116
84,Retail,239.93905255458617,996.6641721019846,38.42899614547167,45.86183015707709,78.71279351629613,68.46839690142869,49.71691976374533,39.366261539564206,82.51306676661152,52.3482265022656,1,1,-0.4759697447502963,0.05326631814127533
85,Finance,217.9600104223875,1546.0595616023606,41.31856881612016,47.70101962632469,61.70082497443319,52.15736136544588,26.092727381136104,59.30064351367547,52.0296576918654,52.41395235279128,1,1,-0.9143287625940231,-1.0934271364303367
86,Finance,205.3568310931958,1087.4968114890555,52.54859837505392,54.5026091449039,89.45286432412375,60.15127239993145,77.10240504529966,85.32364151021036,37.34625961441734,66.89385365427333,0,0,1.7765909891715042,0.263663680609206
87,Finance,335.9819230790987,991.7562139477518,15.329528991265358,54.65741163539852,39.62284258042676,62.57929160500852,46.14567781268713,70.75037608459806,12.237675732517792,42.31746167838662,1,1,-2.2153078793037255,0.4221641107424557
88,Finance,442.3139475108769,1232.9580219129746,28.322031273983708,80.27015181524843,32.58725277620208,42.863366141976336,56.85494359076467,77.66823790667712,73.55056064875376,43.61432551631391,1,1,-1.8431926605090423,1.8385913397896192
89,Manufacturing,246.644530003479,1302.7370754022545,53.42794484907272,53.79018633088788,32.832008426405764,45.74753925224663,27.86130410878534,43.2786393722274,23.585759914368708,49.763714526653295,1,1,-1.2826373225083856,-1.5286823485146526
90,Tech,164.65453949997575,1773.4588819528285,44.522251450915405,74.82039348465962,46.72071029961903,43.549690085654376,20.180881039148765,73.3263735105405,37.142200187304574,59.54545766031428,0,1,0.3445255869779999,-1.1492991130470422
91,Tech,352.5437864931184,1295.8612736606144,36.625262872998746,67.18506175760493,39.0952025040814,49.10437835675594,64.65896440553084,52.64502764380316,6.254222689736844,47.47767708148346,1,1,-1.580906056490353,-0.06728238161837324
92,Finance,185.12793445007745,1257.9834185548157,68.44393094474412,71.53119079986703,94.40722804077907,7.204583431738048,56.06226192336121,88.40123561683373,80.13669158195191,72.50640785743843,0,0,2.876031543139824,-0.46910768537586583
93,Tech,205.33875028364648,1678.84288317049,65.49740859226708,86.09588297480627,28.46672750628672,34.663637738676144,61.547699838620304,74.05091642075153,76.65885239716434,65.44230477469416,0,0,1.4277449040107346,0.5491389077202614
94,Tech,339.5996523353356,1380.316183263461,23.338460799470653,62.240982585196335,75.91925904316702,50.464153517087865,75.56206952663615,43.91993944427071,73.36158300423125,48.73398662951973,1,1,-1.2273658643454262,0.9028715949412173
95,Finance,286.775230835715,1006.7174459496156,80.29032922987506,82.40012573853488,35.13772318280047,49.82926739418983,65.26241393960021,34.52316758908603,29.94435104918867,60.181860045820535,0,0,0.8164704382439064,-0.5164120369418462
96,Tech,245.0259859733992,1606.7911155924576,49.63389011231725,63.21198327528781,90.530970621628,64.47170709542237,32.2341409979164,32.98432465009229,17.348007426595725,55.69033662560534,1,0,-0.34539884294363454,-2.0938479620837582
97,Retail,305.4681000883063,978.1143691711944,69.31687289112364,59.46292571086872,96.9052230547926,54.12570041240814,45.25407633774199,55.998599735509856,63.75532644702297,59.77963084250828,0,0,0.7841457684520731,-0.7503828066284617
98,Energy,267.2472935542754,1005.2258164998872,55.8520679405911,92.72449475222712,57.23760070159869,79.40999872555042,83.41237733514322,48.60957956580194,49.61663841132194,63.41561810387394,0,0,1.6075824767969147,1.1990976355138052
99,Energy,451.16381249012665,945.443790183626,89.81540927390746,50.14040063734298,90.32571841825052,26.289089645648374,73.89612901761753,75.22630864237556,17.82524669046416,58.111068496283245,0,0,0.14678022807244606,-0.9494875361061565
100,Finance,245.9356212622883,919.1264915166132,70.19224960310581,44.96853283176844,20.41161366037718,31.93632722496736,58.96459405557021,64.95336844850328,68.59112710498637,55.87044288819801,1,0,-0.09648074497522266,0.13179009177853393
101,Manufacturing,226.9269970142068,1299.9519884519473,66.55843689947673,82.40422590445132,85.595753392648,33.78853639008472,37.89514984664906,48.62134946037665,99.11264318213036,64.64613837636836,0,0,1.7163967194062693,-0.6030699412959416
102,Finance,263.5973460809947,1122.629350636937,72.28575512406009,43.75373379447504,38.29001292199388,39.93596052651864,41.14423512843565,40.44664445651233,74.72195877420377,52.63178848995277,1,1,-0.7354126811918054,-0.8587008271302847
103,Manufacturing,266.9790709447915,200.0,21.45023884387757,86.03934448866661,92.69610474154943,67.69985478359071,71.23706473099442,38.90398338812148,73.99863866856118,56.90588558969587,0,1,1.3141555582088809,1.5379356794761896
104,Energy,347.6514921443457,1119.5210814151462,26.36356745355706,64.04563679964839,20.08960891840876,22.684407046940738,79.58219825969395,90.52622744982924,95.03127529305917,48.61969209836503,1,1,-1.0773160110367273,2.5719412496487193
105,Finance,140.6769770774869,1044.6263232583096,67.12512657788913,90.35325225105528,64.49453880318056,63.200015527657214,66.99972686714301,47.0434577883407,20.29363675749022,71.62562850291582,0,0,2.8715881445904126,-0.5602522739556465
106,Retail,334.0820693467202,1467.8476092896567,49.51851897046901,79.68430736170481,80.53086430279478,35.39826373143076,76.66709830379092,75.61974535376778,56.55499649214404,60.64999998249286,0,1,0.7481758622931397,0.6138911617862732
107,Tech,256.6971646688026,1031.022416561891,70.37082334880932,73.57225668543767,40.69506645583264,50.13915377465064,73.66592946402841,86.74801495903864,97.96467150338836,65.24690298812067,0,0,1.7630148637112317,1.7008241749418
108,Manufacturing,362.1458403540482,1961.777337363268,18.2332824595316,92.21187383817713,35.45062916698345,52.44053999197296,30.47927775698704,72.98569178293153,16.529411097017455,45.24482341767027,1,1,-2.0245759196606823,0.011779237801753967
109,Tech,296.1885031074365,1619.0380736310728,52.918508118767576,61.81571551786298,26.72785795743877,32.96364778917008,49.67613690393114,90.1695662152862,70.02519594445211,54.235752377831446,1,1,-0.6201727932537441,0.5706218747561895
110,Tech,341.4955566174224,1083.0268826970666,40.30572524455326,92.4747815096798,46.11468612026344,43.44614039043539,30.708866057999387,57.467560506993216,58.5810145971902,50.440899407871925,1,1,-0.45923540101991733,0.2234522190298761
111,Finance,268.68785503345345,1544.8869236499247,46.56001754253427,47.42507025816638,64.78754498470636,35.97733809857728,36.46649093613894,96.93555334542638,58.64790921887069,55.57126476357419,1,1,-0.41370060120260216,-0.31323713785636625
112,Tech,335.041807793734,1357.5635138072844,58.316629765801,66.6065218062827,29.26750854242061,10.184958963996458,80.84817372557367,39.32015029246679,69.76706275200752,52.053782025514224,1,0,-0.8256894800239448,0.30167110157364724
113,Retail,433.1015831558601,1270.039738944073,50.18306779700241,54.84511723157072,50.1356289589439,37.78740416126199,53.10243759432275,37.15046707602767,92.96169228756844,42.037975489640345,1,1,-2.400557244375608,0.34641035978546175
114,Tech,240.8610854835914,1440.795676682229,53.18885096902694,69.69135283995064,20.725792372217995,12.304504441516412,57.47506712898626,76.10845023452106,78.2581939851338,57.47217410682769,0,1,0.14203615328311112,0.5211368913961347
115,Finance,291.4244419871099,1216.2212622781458,48.908598559648624,48.91076328403715,85.49435363998734,35.37655993102412,32.49121756594405,95.99817989892831,5.613610341621,56.516950199106525,0,0,-0.10923740083160523,-1.3876897180041796
116,Retail,261.10261713975007,1272.1053468232433,42.716414166839456,86.28413131705238,30.275897447455307,49.46887998738364,41.859025023415725,86.62184231454296,85.27280198757113,57.1305930096484,0,1,0.4816032578770419,1.3454959928846153
117,Energy,427.4385435407572,1447.0057548836896,71.7505584478596,86.55243171230066,42.66743586124653,48.45611745076256,36.11723178995089,35.3491801606636,22.554132992573265,48.81244618772563,1,0,-1.3057372609873426,-1.1925647228357754
118,Tech,265.28467207919584,1815.7358225236471,10.97624578544356,92.53799719979132,21.4742174990574,54.69659592562402,34.43303151628985,49.55573997543014,37.6914164736372,46.14730843151538,1,1,-1.6931750205879348,0.2675096379992042
119,Finance,241.38462389569247,1275.3584916659022,57.87541609641816,48.50696774857799,54.579262711400986,12.144613096596972,64.65725553211792,95.12232193864766,46.17328136123822,61.206242672538266,0,0,0.5988497914832508,-0.16513212050906032
120,Energy,253.737846882869,1063.8610005083533,55.24066778583791,74.28329029977449,87.20972021929751,53.90924341478284,37.98186933520004,47.71409029605492,48.090600075306966,59.67982068568831,0,1,0.8816515743258742,-0.9452469504664974
121,Energy,289.1426094145414,591.2307434718034,67.29432597863618,66.08305197852033,51.37209691561573,28.41110425223353,64.24108402142929,84.68192966508434,43.51803992553568,61.53418183686997,0,0,1.2894654540532802,0.34509697278721946
122,Manufacturing,236.51959858619117,1788.3910415890914,57.92234918218612,58.94110526243283,34.359785873906674,34.92844596028333,24.09182298759877,87.75925371500927,93.73532942158644,56.24974529925913,1,1,-0.3250427217931284,-0.11053551895039856
123,Retail,270.52400087306427,1121.027486228412,76.14390622472627,59.33470886238204,80.29590672404154,69.34896904420293,29.92420754689713,64.68164724226872,70.60190076640247,60.83859700802788,0,0,0.8570216261144213,-0.7441481721512223
124,Tech,312.57614840776625,1360.44278702438,86.72598356512222,62.70364528337137,83.10455854965954,5.677280309716269,39.21781778000877,57.044423689382086,63.11706459567064,61.45381485031549,0,0,0.7427574457676024,-1.8511649150029323
125,Finance,290.7621272061013,1771.7721710780984,37.40194057428347,78.77090523289242,33.90027802460534,49.13094750054541,61.793284182698414,61.50871026938317,4.984202778294156,53.05512706043668,1,1,-0.87619182192384,-0.19186401645259485
126,Manufacturing,366.53668615806777,1268.2806962791476,28.188078642398963,72.9057332047485,81.66832868327919,49.90354850750807,67.30888715611633,45.88752860557549,90.39133302603749,49.678643461135216,1,1,-0.8276217969150922,1.0993689301544274
127,Retail,274.4515937748177,1141.5989214367562,43.88774899363863,65.28248320186222,95.78383106050704,34.74948322576715,50.9901876745669,92.2573641290191,90.93901920083962,61.46338426188533,0,1,1.1669567231324487,0.6307860289944965
128,Manufacturing,283.63067956179293,1625.9018932631234,33.03436931805809,44.17633757032922,33.31020695458179,22.77708928312521,51.20536402040602,61.54337597108305,78.02130634301024,46.29409621933016,1,1,-2.0340110581665267,0.15547750376799616
129,Retail,321.68493989938105,1338.2211202691758,59.19602105221236,44.27709392434264,81.67874340257084,22.600552869616333,70.71617959790328,91.77216083192698,0.7029203813619156,59.132521854870085,0,0,0.05163148365873375,-0.9589700303611063
130,Retail,479.58452848084505,1375.8316814170205,82.94819270743717,40.128666484417806,76.68576036821035,71.27822522455645,21.10747642359077,37.39854359343919,5.728025107762336,43.15235239129151,1,0,-2.7061389556565647,-2.5340620372147544
131,Tech,236.99184717129023,743.0517388584717,21.12929553144495,93.22346635138976,57.88591107480708,38.15182803371432,43.87630171319544,99.1792689700092,22.522370226848977,59.47900281647336,0,1,1.2981555424361588,0.7812602176190708
132,Retail,453.8899529716224,1561.7745621727756,18.06356824127092,40.28896002071117,24.633636844703865,29.816702224187896,77.30949399834628,61.02911612105328,13.134940814490667,34.47636842442657,1,1,-4.2071727961341345,0.5080929483243212
133,Manufacturing,205.31414656443695,1312.6764203974935,30.481242548292972,45.67015603075597,25.975553420628323,38.65831803735523,62.22535871493606,33.34815742758738,39.88360297037295,48.125020320995006,1,1,-1.5918642495968824,-0.34394653116277013
134,Retail,318.317634578435,788.5231860830628,68.08764688499207,57.3028106245176,88.1931727358918,55.2042801094521,43.60589929287943,32.66152937662184,92.26230580877896,55.09048242747332,0,1,0.18452443586238426,-0.47762382839388434
135,Tech,272.84909654574426,1345.5282334839826,57.43703242070573,84.40866384992187,99.21186982005176,15.931742618356378,83.38673546307717,82.2345080237287,47.206043419699824,69.71582009381343,0,0,2.3747232865072925,0.10850113446758716
136,Tech,234.7783250782461,581.2422978264751,18.177013138015965,92.91543321702648,74.08418057494035,38.70753764103033,74.08359092145677,76.13248739425765,1.340262643216561,61.30734120299162,0,1,1.6395975604686273,0.7282286069037964
137,Manufacturing,355.9273905487991,1902.5925607538984,83.50004178085972,83.45074573355208,55.676664560825714,49.09132783327902,38.54268130657134,86.14913906893113,28.2745689578762,61.49203759449095,0,0,0.4407433058044052,-0.928795765305284
138,Energy,347.9917306968805,869.4435600054718,73.20677096992694,77.98081278451023,71.80589147215261,76.14375161385753,65.17028862680019,37.37572737669642,4.459490837296154,58.47414923524215,0,0,0.5880997313516799,-0.6978288611535656
139,Energy,261.5001492941195,1683.5378297155307,11.841808383011,68.67153670774631,67.55166873828362,23.939583655656445,61.70255097322697,32.48996069248838,3.628762261350216,48.58933484767374,1,1,-1.5155746213471248,-1.117558190805915
140,Retail,132.49647967719497,956.113335564404,62.10937687905969,44.7687866524201,50.688980832449744,31.94380609371842,48.08315398272879,65.60055026133048,27.571985309555224,62.845500566822814,0,0,1.0477467475416278,-1.2847823138542993
141,Finance,266.3962028297987,1368.067713291216,71.69973348157905,92.69939361521617,25.25009156592104,33.45189424418179,45.68692554433605,57.13166620379387,27.56123386789454,60.51194557159841,0,0,0.7690965895446017,-0.7053530095848105
142,Retail,311.1363288765453,926.3615230171504,39.95482957763376,81.71158276701249,85.72103579259527,50.41536182336621,44.04923323429928,62.3362855669669,78.7126602601604,56.308739605499625,0,1,0.6126881542306285,0.5145638234985371
143,Manufacturing,300.1450888955741,1499.134566569346,15.513723149377505,75.1422161933844,49.746682339097966,31.75490397800013,63.20090483769528,99.41118862091918,97.4834652781112,53.10149111974592,1,1,-0.3615157010273232,2.1779877438811557
144,Manufacturing,360.4748225433322,1129.4043774278243,16.18568523910298,81.74697150463675,85.5028514685675,45.01339439747717,50.96869555364687,97.95249703694692,37.12070938899983,52.91388919773786,1,1,-0.14356936613507001,0.9674136269423439
145,Manufacturing,454.6834103543993,1340.333863862313,18.33975728414476,79.82568311002262,40.20069997507058,63.6342747383772,78.23041792759955,95.9620772771235,42.88868788610386,45.55792450397175,1,1,-1.6791026602438108,2.5133854252921224
146,Manufacturing,333.1099869800646,1204.5193144736984,77.23517055843384,75.04773688842178,20.08235838765067,57.90391955841527,66.87218312937733,84.86898737373717,84.47894362860214,59.45513162685612,0,0,0.5920236608729844,1.5713048570101087
147,Manufacturing,345.42146942061,790.3005640549032,82.85489586045705,93.93172400989934,32.715062662140525,38.47764848844392,24.895212399660387,54.838895217982326,26.813902009551335,56.75606908535239,0,0,0.5764443612089969,-1.0287660162304462
148,Tech,311.854538510332,1351.2320579071602,19.824862547658704,89.68500969498137,57.48315334148675,69.81621332556267,64.81177566797163,58.84916511839401,15.638180440344795,52.34061863012815,1,1,-0.4521811561064452,0.742064057077985
149,Energy,393.7948625913794,1049.0287543002755,28.872482767606492,75.56657055144399,95.54429079662638,46.86051871953972,38.98032055501294,68.47312306032471,85.30896234036504,49.43788859293717,1,1,-0.6206953962295145,0.6822016804461514
150,Manufacturing,342.5120008768264,1513.5938379022832,23.24164082938318,78.12463663013085,28.17548957549752,45.492937962665934,61.49683941573959,88.1374119483388,4.650058644006549,49.16813103653899,1,1,-1.3044782044448513,0.7689461456444028
151,Finance,359.9284541571459,1129.242057554797,24.90567035952965,42.83776936622905,88.33678195692528,7.564082445436863,67.6092351772416,34.809898276278744,61.96994401994157,44.486564525384665,1,1,-1.9582028252771724,-0.46480744296765225
152,Finance,444.716546321613,1176.9708272915004,76.99926312019937,76.84546055025216,62.161927696948965,79.00197352678711,36.15804324078084,59.70078201194217,56.19928474668068,51.78694846611747,1,0,-0.6204683787140961,-0.05003547788524896
153,Finance,318.158744097548,1704.877939311881,36.57171301239512,42.42909907405551,86.07366126399172,14.222810639722004,51.980105141625806,35.783236442148805,34.59204475016943,47.50314767600703,1,1,-1.9650323866437163,-1.792834500123018
154,Finance,278.3230190265809,1914.4910383523847,34.915541123651295,72.3545066333462,43.86995447919941,22.334818432073497,33.32274039733475,66.02603106014581,31.5189521097359,50.92264737018297,1,1,-1.2521839480274375,-0.9848797196792808
155,Tech,335.70314784015346,1435.8101867136247,28.19164967016901,94.96444247612092,87.19577317379775,8.877262793114522,23.66372130505558,92.92305768043649,77.18577261816213,55.67856789737197,0,1,0.35380487668474414,0.09985672632772603
156,Finance,390.89938536954105,1113.8579707729843,58.63155150354069,70.56936197904488,81.82582240134437,53.00022251276853,46.493349644010834,84.77394471947565,8.642461076254648,55.8185621274914,0,0,-0.0012257031588984774,-0.5567737234167773
157,Manufacturing,340.1141405620865,1087.6016014931567,40.34445587084391,66.02655649447334,38.40429464251472,21.852588272951,45.40609902921944,45.948969228017695,23.67843093113854,46.10881940552659,1,1,-1.595445018748105,-0.7315219917594379
158,Retail,384.8510863057128,954.396904404426,69.5399721474631,57.20701710780732,30.506810112750244,18.50078281045426,89.68363434929799,98.31935947191548,73.24487318380898,56.890380687893504,0,0,0.12457240037147907,1.6963141561341142
159,Finance,246.4820138146652,1012.428544933933,26.446384670051,46.628741833255546,89.44434580258343,11.641668816743104,51.24466458383495,76.71452786324998,54.83205837264242,54.645824561443234,1,1,-0.10549491496784208,-0.38249410509275916
160,Tech,230.553261967641,1117.9170769488094,73.02319109715938,80.20630193020548,97.05893227521057,12.748171784301174,43.34986846305403,30.729938957818213,12.798820853358638,65.30051719712525,0,0,1.6950901314565217,-2.705900230856985
161,Tech,256.3969907722327,1789.27589009847,58.29772253841112,50.59294652820967,22.504185099801298,48.85030253319415,60.633250470167226,47.878943927965366,88.213561428206,52.39363330832683,1,1,-1.168999936116945,0.2756933576504476
162,Finance,198.6094158790132,1140.833498743943,19.14138400445502,46.34051116860064,78.50160535789485,56.615589939994656,26.21371758754379,48.24993099439416,39.34478465635915,49.49032961055527,1,1,-1.0401576551503338,-1.071756527378609
163,Retail,308.8239662906737,832.1840987405692,43.16036673629021,63.196946285178186,92.76196087582548,34.803424134830074,87.31660151683693,34.847801440010194,82.78683753221728,56.58952030634607,0,1,0.4574761152042725,0.6591930545369836
164,Finance,265.5979691320067,1212.4995801376149,79.08145124903656,83.74380108775036,88.5888073673999,40.99228111940549,64.44720319137232,97.18785626531503,78.77130155277086,72.90703222934486,0,0,3.021226020511529,0.5362399482422818
165,Tech,398.4169082915503,1253.4385277283193,83.83681854387879,80.97855014661212,97.16163778161668,56.447580198723806,72.83864739585934,63.47787062031466,62.4425446471728,64.02097549353955,0,0,1.3889071002374638,0.12397431208005336
166,Energy,196.7020510242024,1210.6906379551367,47.25600978550506,43.01854380555612,80.80752627504778,6.303484263910972,31.933455672174222,92.70702181603173,49.448113129509295,59.97449759451466,0,0,0.5423324361847365,-1.2856021787752392
167,Manufacturing,424.39381413092815,1439.9073667755622,48.46695824712589,65.03290267698858,55.38390099047282,29.23479928027089,48.66344971036428,52.55508524112398,97.95508403817568,45.35226482086543,1,1,-1.826362606467417,0.46260563259269805
168,Tech,221.50397318099607,1220.70165340771,83.47637799514409,68.7339016839143,44.95615923961044,77.98233110527599,49.58823793773327,38.7663499302979,14.496507237981705,62.415370460155344,0,0,0.8889168408677532,-1.3038426295307555
169,Finance,200.941531908132,1430.6182476441986,56.96545793092538,75.45006578442022,45.659419235050194,48.5084172271601,77.52645107307607,63.20352769343497,72.51557275511148,64.62795189269653,0,0,1.3768312772880666,0.8250509206451886
170,Manufacturing,234.0278937879142,965.8969937826856,12.627733619475068,75.75920427437754,77.95381380912936,24.066843492311992,20.08656758315866,37.9769644300022,19.1190701464789,48.83953480965233,1,1,-0.7287792752765219,-1.5382173414340417
171,Finance,456.1024068588603,1734.2188314435668,83.0199570303303,60.05834872015183,79.66696096247715,44.12975349771599,41.059717584727856,64.02108520842779,33.82631053323484,52.481546356218594,1,0,-1.1576927705964524,-1.4830420692668997
172,Finance,296.7931890101597,1275.7439365030757,29.85811542057215,70.83724567019327,36.02873148389701,30.69901160906865,88.68654620410128,94.42080268535854,30.869874337319526,56.19788194638645,1,1,-0.021708245557930425,1.533906083627313
173,Energy,342.3548409323042,1320.0656911221113,56.21055632732378,66.45840361142476,89.44982507924249,44.91837416197243,53.2420580454353,66.45376992839489,94.7035987738723,57.15473805810133,0,1,0.26472071155792437,0.3481233692707763
174,Manufacturing,285.2886609817584,964.6464318560091,23.241065394237907,88.67490960878047,77.19392321617981,14.430613385498662,46.77683961708058,73.15498088265585,96.73561777882752,56.02018533448703,0,1,0.7090196577667658,1.0117846324647977
175,Manufacturing,292.79370934558347,1341.5480973799188,12.7103328197276,69.16458229491951,65.0200229074706,14.953599036445803,28.388030141235244,40.96469058816658,18.30154442347272,44.27439522671165,1,1,-1.8854854760639956,-1.4184022235133649
176,Energy,259.52959574125646,1395.3195170010913,34.91785369062059,64.25676889614888,57.72259680820102,15.765677152954463,88.19152400396109,33.06149381159786,2.2035160297504186,54.38042111668248,1,1,-0.538241067630913,-0.7982050890341541
177,Tech,304.0595167084213,849.069469852473,72.43965660368701,62.2466997325018,63.45862446319665,75.48648439451313,21.40184491480771,37.75655735258649,72.00080396631131,53.34983381234718,1,1,-0.15903386384951462,-0.8126826561390605
178,Finance,339.5679913505372,702.272523483703,32.206973810353446,71.48352676884062,32.73965906234116,59.96741887560064,71.60261575050703,71.89721029790559,41.798993387048434,49.97973945969083,1,1,-0.5910860439184795,1.6788561190342524
179,Retail,434.26444078583165,1288.0998070828396,27.607777126487765,84.21873386704937,36.29609994210193,17.178642099674065,73.80198633519558,36.65081892946132,8.884024508756438,42.49716364685733,1,1,-2.219918532598565,0.07820366296430964
180,Finance,150.04249001123907,1053.3690529633402,27.014462747298104,69.61208197094331,27.29315923249533,19.126181282420102,37.05597012447066,56.3195022958918,68.37541055770426,54.15908942639795,1,1,0.011003019371742395,0.004838977581374544
181,Finance,428.86562475140016,1277.9764407407188,51.21389459254501,76.39103462942978,32.29264305288901,59.81221061531573,67.00909105291261,68.50643583207092,54.51055282606997,48.465089662879045,1,1,-1.2626593347944095,1.321577578718366
182,Tech,342.236834162118,812.6891787305656,88.0433052546205,80.58206717985888,56.29549076842261,16.712288359413044,26.505040106557296,57.205695904089296,98.0516822001106,58.73277847968631,0,0,0.9480747467328228,-0.5782099195425732
183,Finance,270.57897738775785,731.8482256851987,46.71911904136104,68.60924604333024,62.42835149826049,22.59209700011215,37.9933086502456,41.4578661025711,22.74094958613789,53.03938965892692,1,1,-0.11271099537954465,-1.3265617795866549
184,Energy,256.1821213632537,1262.0068389003231,54.58442951120383,63.47493811601754,21.42895139826555,77.25101246152992,75.15313918045855,49.16539152598746,40.397787632654826,55.068917750591424,1,0,-0.3389151561624376,0.741116237206597
185,Energy,383.4940516295,1095.0648717129443,78.85056143125871,88.21659578243472,83.7438262291222,24.14798935463239,80.52803344234782,94.9822272994004,54.25458033954229,67.55752400564984,0,0,2.1417057684230043,0.6772523656360468
186,Manufacturing,318.3182830550832,566.7901436549465,52.805577514692686,62.96283462153407,43.53343786747823,54.622426277836006,62.59404888618539,77.31875929104487,79.16999884533517,54.78159878909298,0,1,0.2783756107744358,1.5275082370314716
187,Retail,177.2747905040858,1602.929645432319,24.757029713508487,65.40685678165732,92.94688279679288,78.39734655503977,55.47869022743378,64.72334870759207,54.88386567200587,60.7362971870605,0,1,0.6830586084521777,0.18773860152902677
188,Finance,329.0455682669847,807.7028795448728,33.96767294131816,94.46877223379776,97.40090108910222,33.072257535484454,31.15128144332862,30.890042299082545,61.29001608619492,52.71374809091053,0,1,0.25226752872418967,-0.6575481186541271
189,Finance,391.5497228379747,1971.9974856331296,34.79495410148887,40.01306379667365,34.83670997413235,6.313699314654668,24.417632315540512,99.4690780342629,22.614705158994077,40.99289192331054,1,1,-3.33021248427037,-1.0765982914542163
190,Tech,368.6291727030773,1012.7949813334264,41.78544923660783,50.201010026719736,56.96778326125285,23.31104678167807,28.235431993149103,77.00184544262503,84.69187280885599,45.60437901335272,1,1,-1.5815543312490086,0.0981298645977828
191,Energy,249.8513704369477,1320.4681704377997,44.14311242693995,61.11801394558492,20.098546813314076,67.31578935062791,35.915011006726914,52.18457341414614,42.86305469704757,49.24147442515583,1,1,-1.2570999062083505,-0.14776253345843088
192,Retail,192.6394156757315,1694.0847031161557,73.98256176594155,91.29244501838892,67.86618120979415,69.84566269662776,43.91721513278446,91.54880619984868,14.095962752176929,72.58630011243837,0,0,2.5627133050775592,-0.7617541708210195
193,Manufacturing,273.9221487214809,1643.8301783486477,37.95095992394664,43.851633816110905,68.5845158610137,62.63895233928434,46.66366678576911,48.09021342042727,66.41879145054173,49.52298465517392,1,1,-1.5012343399917567,-0.3849493862228399
194,Energy,560.3188100870085,1795.840921868065,47.45854627531035,40.52169884956739,39.803196448270015,13.483236430742975,44.24252380123025,68.08116054279262,21.60904531853075,33.097388239984305,1,1,-4.625109777598822,-0.8904646927977334
195,Manufacturing,176.4000841122402,743.077128335894,59.998078964084186,42.89761097874757,64.67301380665583,64.66327787723023,36.7338732538086,74.52495346108776,9.756251023929972,60.73743658523684,0,0,0.828278454909452,-1.2218386371054706
196,Tech,232.5811922810462,859.2403507478259,40.21807579521354,44.869887583749,38.04321139549884,73.90083477451282,55.68069727261887,45.47443600176099,86.19869084042723,50.12669654719857,1,1,-0.8235082222093523,0.9257632585959743
197,Tech,331.3633511786077,1267.7991822282088,76.92518506338664,42.06782252634435,32.866037526255205,50.04571569096771,77.77002757630278,98.48780951604172,46.016226448843966,58.27806903473684,0,0,-0.1004126236048201,0.7418385440316743
198,Finance,290.03798019250524,1451.9242313693142,56.99628833872595,66.38797297710776,72.12155734418118,75.56565172535487,39.579247693003545,82.37343341852983,74.92837126957764,58.845995281986674,0,1,0.40307397756143826,0.36745799650583755
199,Retail,283.9836083415144,1196.6317669861087,33.52357433767772,71.94164639750302,46.07403711616599,67.0129162783908,85.96709133715632,69.0469257857749,29.05875598063551,56.039056764482375,1,1,0.02211147584570865,1.3261053599960535
200,Manufacturing,461.97767984008055,708.6017892859834,67.12473598318626,54.94278340879522,67.2211151108498,55.02286377431805,81.13356632066935,42.64162187227106,78.69701349176663,48.8172970476642,1,1,-0.9894192150725674,0.9754692695607313
